epoch,jaccard,loss,val_jaccard,val_loss
0,0.25469250679,0.601854465405,0.1622941643,0.706675124168
1,0.324575014909,0.44193683068000006,0.17378033399599999,0.655799686909
2,0.33797944784199996,0.414319094022,0.17560752034200003,0.6208216428760001
3,0.340125111739,0.405293095112,0.184614884853,0.599163460732
4,0.34260374108999997,0.397421145439,0.19571399688700003,0.57874455452
5,0.352651524544,0.386198321978,0.204715192318,0.556318509579
6,0.351670318842,0.38186087806999996,0.216079992056,0.53259614706
7,0.35974872907,0.37311491568899996,0.232205405831,0.50841562748
8,0.359662290414,0.368426748117,0.233793929219,0.494306492805
9,0.37194383343099996,0.357578833898,0.234119939804,0.481465375423
10,0.366261839867,0.35618290305100003,0.245289736986,0.46699701547600003
11,0.371161282063,0.349961002668,0.251649647951,0.452800816298
12,0.376068693399,0.34310498635,0.268504610658,0.432179731131
13,0.379086087147,0.33894097606299994,0.289039880037,0.413498467207
14,0.38064244985600004,0.333851977189,0.298286122084,0.400159579515
15,0.383936578035,0.32769836783399997,0.290277799964,0.397330105305
16,0.396562321981,0.318431750933,0.30084815621399996,0.38775150775899997
17,0.393729148308,0.315347669522,0.307030469179,0.37360956668899997
18,0.405887591839,0.30784599185,0.33288891315499997,0.35460096597699997
19,0.39659792979599995,0.307803525527,0.34670038223300004,0.341517657042
20,0.40399446487400004,0.301641927163,0.344453191757,0.336227238178
21,0.4044937253,0.297190187375,0.368829238415,0.323588192463
22,0.410859243075,0.292625977596,0.380273932219,0.308004182577
23,0.417983891567,0.286555558443,0.403900110722,0.29727469682700003
24,0.421048984925,0.282410426935,0.391064286232,0.295940113068
25,0.422154382865,0.279032907883,0.40317517519,0.287830919027
26,0.427092937628,0.273990579446,0.403633528948,0.285210615396
27,0.427911587556,0.270631354054,0.410008049011,0.278670442104
28,0.43566570679300004,0.264957247178,0.423647785187,0.26744411587699995
29,0.433584622542,0.263393732905,0.432205539942,0.261542701721
30,0.438295167685,0.25873409211599996,0.438786709309,0.25610440969500003
31,0.43872864643700005,0.256237059832,0.443155157566,0.252553233504
32,0.443967360258,0.251722633839,0.44585430026100004,0.248203057051
33,0.45612143476800004,0.244601903359,0.447765809298,0.243830859661
34,0.45408096512199997,0.24278997878199998,0.459648555517,0.2389875561
35,0.45418401559199995,0.240226596594,0.453245484829,0.236581787467
36,0.45784586469300004,0.23682622214200003,0.457619136572,0.23344306647799998
37,0.461782679955,0.234199057023,0.46759892702100003,0.228363484144
38,0.467656036218,0.229077432553,0.466962498426,0.224463742971
39,0.472208593289,0.225681759914,0.47426508665100003,0.22122918963399998
40,0.474439273278,0.222979557514,0.47418536543799994,0.21824506223200002
41,0.47532768845600004,0.221407037973,0.47457008957900004,0.215489715338
42,0.479071883361,0.217020610968,0.48649981021899996,0.21167137920899998
43,0.49384474158299996,0.21058121621599998,0.48969030380199996,0.208564513922
44,0.487005031109,0.21040344735,0.490789610147,0.205343696475
45,0.487222909927,0.21118001143100001,0.501571303606,0.202197128534
46,0.49324506123899997,0.20713180601599998,0.500622278452,0.201380759478
47,0.49508774081900003,0.204445174336,0.508485090733,0.199621546268
48,0.504143140713,0.199385878444,0.510265815258,0.194619783759
49,0.505855168899,0.196615974108,0.512937813997,0.191611891985
50,0.504542297125,0.194979248444,0.5061441004280001,0.18972181677799999
51,0.507782612244,0.19214462637899998,0.517354488373,0.185727235675
52,0.512255326907,0.189710443219,0.5200132727619999,0.183594882488
53,0.518375211954,0.185975364844,0.5234869122510001,0.181331843138
54,0.523152116934,0.183447398742,0.529094219208,0.178813806176
55,0.519589511553,0.183131039143,0.532949858904,0.177274742723
56,0.524219632149,0.18066787024300002,0.539343333244,0.174602046609
57,0.527346167962,0.17710185349,0.5373202562330001,0.17168563902399997
58,0.529782563448,0.175522180398,0.532352215052,0.17028105557
59,0.537083228429,0.17275130848099998,0.541133141518,0.167683961987
60,0.535861980915,0.170850984255,0.545678925514,0.165389809012
61,0.536428471406,0.16900376975499998,0.553673803806,0.163011008501
62,0.542310231924,0.16753739217900002,0.549062615633,0.16148218214500001
63,0.548947374026,0.163633904854,0.555334448814,0.15899300873299999
64,0.5484564860660001,0.162936334809,0.560751926899,0.15749667286900002
65,0.551980177561,0.160395315289,0.567776978016,0.156064644456
66,0.560825788975,0.156660636266,0.5621021270750001,0.153630426526
67,0.562938410044,0.155015049378,0.574420416355,0.150781971216
68,0.562696927786,0.155215938886,0.567014110088,0.149930092692
69,0.5634665032230001,0.154010068377,0.576138174534,0.149486887455
70,0.571774514516,0.149916138252,0.571245002747,0.146928060055
71,0.568478059769,0.15026381711200001,0.590299737453,0.14467406868899998
72,0.572062536081,0.147106446822,0.5862362384800001,0.14309856593599998
73,0.575103733937,0.145565978686,0.57939068079,0.141061398387
74,0.579302849372,0.144481991728,0.594637215137,0.138591074944
75,0.581086812417,0.14169645806199999,0.597297084332,0.137201529741
76,0.583918535709,0.141377481818,0.598118317127,0.136383107305
77,0.578774358829,0.140913889805,0.599175536633,0.134594044089
78,0.594694876671,0.13786850969,0.599041640759,0.13375723362
79,0.594202492634,0.135516356428,0.601445531845,0.131542363763
80,0.598319363594,0.134252411127,0.605691492558,0.129713463783
81,0.594515496492,0.135339057942,0.608116614819,0.128804984689
82,0.598582394918,0.133691345652,0.60878663063,0.127208790183
83,0.608060101668,0.129309137166,0.621370851994,0.125066168606
84,0.605764385064,0.129502627254,0.6090168952939999,0.124165982008
85,0.6071640531220001,0.127424366275,0.606975412369,0.12368894219399999
86,0.616817438602,0.12443948487400001,0.611291313171,0.122362568974
87,0.613654506207,0.124022672574,0.6225413680080001,0.119644786417
88,0.618507363399,0.122688294947,0.626859486103,0.117978487909
89,0.619572949409,0.12147626131799999,0.630148601532,0.116950923204
90,0.615242091815,0.121626992524,0.630140459538,0.116246797144
91,0.622184944153,0.119173697134,0.6318882822990001,0.115598388016
92,0.629380166531,0.117817531029,0.624038517475,0.114018525183
93,0.632782781124,0.117709791164,0.637105417252,0.112536421418
94,0.631262890498,0.116607855757,0.629992616177,0.111037318408
95,0.633756025632,0.115404770772,0.635386061668,0.109964260459
96,0.639110402266,0.113135286172,0.645329213142,0.109575143456
97,0.6404263377189999,0.11186336974300001,0.643473780155,0.10783409327299999
98,0.639073463281,0.11072217325400001,0.640800869465,0.107535611093
99,0.649717386564,0.109275941054,0.650268495083,0.105383974314
100,0.6463897506399999,0.109746653835,0.656332218647,0.104701046646
101,0.6500742236770001,0.107853464782,0.661862039566,0.102197614312
102,0.653702787558,0.10705024302,0.649824976921,0.107561253011
103,0.655809919039,0.105045560499,0.667052102089,0.0993519261479
104,0.656387046973,0.104146469136,0.676046156883,0.100316315889
105,0.670411153634,0.0989158103863,0.677587389946,0.09728753268719999
106,0.668692453702,0.0978845015168,0.68192564249,0.09409243613479999
107,0.677124575774,0.09536616603530002,0.687691617012,0.09458530843260002
108,0.6760705987610001,0.0946817109982,0.685697615147,0.0958093360066
109,0.6915755430859999,0.0907812158267,0.688125419617,0.09050737768410001
110,0.6838492949799999,0.09178570061920001,0.698374807835,0.08671838641169999
111,0.687776418527,0.09005054781829999,0.69759645462,0.085589762032
112,0.693885763486,0.08818725893889999,0.696582388878,0.0861692935228
113,0.693011907736,0.0905981510878,0.709078609943,0.0835713401437
114,0.697332374255,0.08559655795489998,0.7133803129199999,0.08151745349169999
115,0.7005741715430001,0.0842171733578,0.7099661827089999,0.08034045100210001
116,0.714130071799,0.08182389040789999,0.716491651535,0.0787633880973
117,0.711593337854,0.08042316933469999,0.7121022224429999,0.0773420125246
118,0.720015915235,0.08113857060669999,0.720355403423,0.07748407572510001
119,0.710811301072,0.08041356205939999,0.723168432713,0.07561647892000001
120,0.718632956346,0.0786153847973,0.72286427021,0.07449828088280001
121,0.719625039895,0.0762870748838,0.735451447964,0.0730068296194
122,0.724666384856,0.0763050362468,0.730925524235,0.0726541802287
123,0.7311082045239999,0.0749717280269,0.742342031002,0.07310159206389999
124,0.7326476812360001,0.0742814044158,0.737562692165,0.0705310866237
125,0.734383948644,0.0728052422404,0.743591701984,0.0689675629139
126,0.738730080922,0.0715515747666,0.745608365536,0.0677087664604
127,0.737589804331,0.07119434873260001,0.7485242486,0.0670157596469
128,0.744953842958,0.0691485767563,0.751223874092,0.06586157679560001
129,0.742186852296,0.07019220590589999,0.7546956777570001,0.0653697475791
130,0.7459607601170001,0.0690172806382,0.7559639096259999,0.0649160653353
131,0.7468631108600001,0.06792616223299999,0.7525578618050001,0.0680652409792
132,0.7513379375139999,0.06657521153490001,0.753445208073,0.0669739291072
133,0.762208545208,0.0639792012672,0.7556838631630001,0.0647351190448
134,0.759307722251,0.064004514118,0.759927630424,0.0663385644555
135,0.758091493448,0.0637194993595,0.753328096867,0.0665909260511
136,0.7613297740620001,0.0628871262074,0.746730148792,0.0732601717114
137,0.7631579319640001,0.0638950884342,0.756951618195,0.0685247048736
138,0.768409748872,0.0611758920054,0.7676727414129999,0.0600473672152
139,0.7707709113760001,0.0610591356953,0.7681530117990001,0.06295332238080001
140,0.7741032679880001,0.0596440218389,0.776058781147,0.0575756974518
141,0.772649610043,0.060239931196,0.7683094263079999,0.060151632130100004
142,0.775077962875,0.0581865583857,0.7659278512000001,0.0666888237
143,0.7879543066019999,0.056247128546199995,0.785380136967,0.056113225221600005
144,0.7818909287450001,0.0561023548245,0.789495432377,0.0536020509899
145,0.7793074488639999,0.0597968687614,0.795089411736,0.0533222399652
146,0.7855292956029999,0.057016193866699996,0.794763839245,0.052920447289899995
147,0.785259608428,0.0569857530296,0.798290205002,0.0529256142676
148,0.7918481548630001,0.0543875545263,0.799687063694,0.0514280587435
149,0.793580075105,0.0533652767539,0.800837874413,0.05178307145830001
150,0.79176388979,0.053382564087699994,0.7959817171100001,0.0512301802635
151,0.794727845987,0.051907093822999996,0.804564118385,0.049892887473099994
152,0.796891947587,0.052917808791,0.8049561977390001,0.0487594410777
153,0.801721258958,0.050933562715800004,0.8037006855009999,0.0490857228637
154,0.8042099555329999,0.0508471635481,0.8071306347849999,0.0493192605674
155,0.801439809799,0.05136163681750001,0.8125303387639999,0.047599960118500005
156,0.803430481752,0.050844368338599996,0.816100072861,0.0470551848412
157,0.806445368131,0.0486578372618,0.814365816116,0.04679987579580001
158,0.808054761092,0.048561511188699995,0.8108843207359999,0.0467256352305
159,0.813384723663,0.047765113165,0.8141175985340001,0.04773189798000001
160,0.811501455307,0.04761476938919999,0.820638179779,0.044904165715
161,0.812410676479,0.046920427431699996,0.824017488956,0.0449336990714
162,0.8150431672730001,0.047177616010099996,0.815746438503,0.046828982234
163,0.819343773524,0.0462350765864,0.817546069622,0.047834187746
164,0.818215926488,0.045874239007599994,0.8157700777050001,0.04974308237430001
165,0.8199178298309999,0.045276606082899996,0.829128956795,0.0437916770577
166,0.825708007812,0.0439712728063,0.8287548780439999,0.042256078869099996
167,0.8279134194059999,0.0435036083062,0.834592545033,0.0419523581862
168,0.8244675437610001,0.0453013221423,0.829093933105,0.04219422787430001
169,0.823646954695,0.046369213362499995,0.8334064602850001,0.0430387355387
170,0.829377444585,0.043935007602000004,0.822487354279,0.0505384489894
171,0.82637475729,0.0447880034645,0.840782380104,0.042496124655
172,0.8291018962860001,0.0429486980041,0.8335218191150001,0.045024189353
173,0.8309762835500001,0.0427524613837,0.837668228149,0.039705470204400004
174,0.8321709235510001,0.0434590173264,0.8438663840289999,0.0416840702295
175,0.833556115627,0.0424906368057,0.84447824955,0.0412708491087
176,0.832746016979,0.0436972630521,0.84148106575,0.040807839483
177,0.832459108035,0.041320220877699994,0.8447998642919999,0.0391042947769
178,0.839349226157,0.0418076395988,0.846941626072,0.0388718046248
179,0.8398361841840001,0.04047622655830001,0.847972559929,0.038814361393499995
180,0.842364497979,0.04052443082130001,0.847129106522,0.0397314205766
181,0.838625001907,0.0416133006414,0.846613645554,0.0386289283633
182,0.842072308064,0.040583009521199996,0.85216114521,0.036849056184300004
183,0.844891456763,0.0405074631174,0.857083833218,0.0373048737645
184,0.841504053275,0.042103038728199996,0.8478538393970001,0.0397553533316
185,0.843282485008,0.0404519125819,0.8459094285959999,0.0393644884229
186,0.850051478545,0.0384186983109,0.852053403854,0.037065815925599994
187,0.848885909716,0.0378576298555,0.8569059491159999,0.0365790098906
188,0.850433071454,0.03802141100169999,0.857707047462,0.035385433584500005
189,0.851145839691,0.0379011146724,0.859714281559,0.034912446141199996
190,0.8489984552069999,0.037550842762,0.857696259022,0.0360572047532
191,0.85381475687,0.036098322272300004,0.863846826553,0.033978907764
192,0.8561253348989999,0.0369453390439,0.8584946393970001,0.0331919908524
193,0.856198402246,0.038383758813099994,0.86319527626,0.0334582366049
194,0.856780064106,0.036929255972300006,0.858557701111,0.0333407398313
195,0.857373634974,0.0362259760499,0.8613569259639999,0.032761993259200005
196,0.861350675424,0.0351475206514,0.865392315388,0.0336190395057
197,0.860612750053,0.0354252658784,0.8677162051200001,0.032754604890900006
198,0.8606748660410001,0.034765666723300004,0.8679168224330001,0.032174472510799995
199,0.866837656498,0.0341718236605,0.87024307251,0.0317214589566
200,0.865848970413,0.0339389464508,0.87005969286,0.0320824790746
201,0.863034860293,0.0354112210373,0.871602058411,0.0312344189733
202,0.866749723752,0.033254148065999994,0.8727504253389999,0.031831136345900006
203,0.865176991622,0.0346083156765,0.873907589912,0.0312695115805
204,0.86557341814,0.0336432088166,0.8769324302670001,0.0312347643077
205,0.866862161954,0.032491453737,0.8761445641519999,0.031104016676500004
206,0.869329289595,0.0323643416166,0.8634268879889999,0.038404490798699994
207,0.869901955128,0.0326201024155,0.8589485526080001,0.0405668854713
208,0.867261600494,0.0346085200707,0.8763826131820001,0.0324494965374
209,0.869379921754,0.0334007845571,0.8777535796170001,0.0300984542817
210,0.872538487116,0.0316511567682,0.876601588726,0.0310510013252
211,0.872637490431,0.031601005171699996,0.8802718639370001,0.031020899117
212,0.8718020041779999,0.0321038811157,0.8747464537620001,0.0326585013419
213,0.875485432148,0.0316524916639,0.8778990745540001,0.0322360444814
214,0.875093563398,0.0326302380611,0.853721797466,0.0572463974357
215,0.873523732026,0.0327121743311,0.8469910264020001,0.061713241040699994
216,0.876221386592,0.0310163747519,0.8658754706380001,0.043521233648100004
217,0.875860861937,0.0313219425579,0.878901422024,0.0343878507614
218,0.8825227459270001,0.029762480283800002,0.8839281797409999,0.032039847597500004
219,0.8767256538070001,0.0324798936645,0.8817038297650001,0.032539652660500004
220,0.8813878814380001,0.030172010014499998,0.8874222278589999,0.028906809166099997
221,0.883357930183,0.0295718989025,0.8889373779299999,0.0291692696512
222,0.882202231884,0.030116731301000003,0.8878942728039999,0.027799907326700003
223,0.880311806997,0.0294838315497,0.887994837761,0.0279338650405
224,0.8852677941320001,0.028321573386599998,0.8901508808140001,0.028046617656900003
225,0.889227636655,0.027406453962099998,0.888352394104,0.0291118536144
226,0.887455499172,0.028934996575099996,0.891992092133,0.0276039209217
227,0.884923128287,0.0301433389386,0.893488872051,0.0264247763902
228,0.8885022322339999,0.028599809731,0.8904753685,0.027224747836599998
229,0.8892749627429999,0.0282443683594,0.890930688381,0.0273788955063
230,0.888191084067,0.0278528594722,0.896583294868,0.0265621900558
231,0.889335568746,0.0285996370018,0.8946608901019999,0.0253365196288
232,0.892393410206,0.027535271644599995,0.8966285228730001,0.025214291736499996
233,0.8907770911849999,0.027462772404200003,0.8972175240520001,0.0268678218126
234,0.896443847815,0.0264723139505,0.898445117474,0.026224891841400002
235,0.892089851697,0.0264140605927,0.8970131993289999,0.026707180589400005
236,0.892403562864,0.0283161730816,0.8957197666169999,0.0270550101995
237,0.895714616776,0.0271488411973,0.890300297737,0.028790469467599996
238,0.894484655062,0.0266390969356,0.9007482886310001,0.0249006994069
239,0.894930207729,0.027483960365299997,0.901060426235,0.0244083426893
240,0.897140026093,0.0267514801274,0.9007686257359999,0.0248934037983
241,0.894256778558,0.0279603547106,0.901871263981,0.024396043270799996
242,0.893450069427,0.027900150542500002,0.898541903496,0.0252388875932
243,0.890720772743,0.029763266568400004,0.901755464077,0.0242405366153
244,0.889106909434,0.0297338866939,0.8904611229899999,0.0314724460244
245,0.8862537384029999,0.030487600465599996,0.903807377815,0.027136828750400004
246,0.884332911174,0.0324035341541,0.8935311436650001,0.027400835230900002
247,0.893714193503,0.027933718512499997,0.9003648757930001,0.026019916310900004
248,0.8896146694820001,0.032611638680099996,0.896946918964,0.0303067859262
249,0.891672650973,0.029553439716500002,0.90285564661,0.0250851791352
250,0.8916120012600001,0.029226483901299997,0.8985469102860001,0.0257960103452
251,0.896803518136,0.026398000742,0.903710520267,0.025158525258299997
252,0.8959020256999999,0.0275696809093,0.9075622677799999,0.024338123947400005
253,0.9036333680149999,0.024624827752499998,0.904807329178,0.0255540464073
254,0.902320055167,0.0247916461279,0.899657607079,0.0273039702326
255,0.900809236368,0.025941618407799998,0.8945829033849999,0.029485244303900003
256,0.904156092803,0.0247153888146,0.90042784214,0.028019176796099998
257,0.9031566460930001,0.0258078967532,0.902178573608,0.026103082299200005
258,0.902973139286,0.0252951454371,0.90475423336,0.025274324417099998
259,0.9044860323270001,0.0254763344924,0.901822936535,0.027169537171700002
260,0.901572700342,0.0265097419421,0.9065008997920001,0.024742083996500002
261,0.902255479495,0.025251425926900002,0.887841975689,0.036261319369099994
262,0.9021987199779999,0.025406534721499997,0.8948433518410001,0.0321973916143
263,0.907334736983,0.024462524925700002,0.892077052593,0.038234962522999995
264,0.90074365139,0.027059227476499997,0.899974608421,0.0300343625247
265,0.906773710251,0.0244754189005,0.905100989342,0.028306902572499997
266,0.901997037729,0.028533688435999998,0.9071713685989999,0.0254068806767
267,0.905815565586,0.025158733377900002,0.909159088135,0.0219831634313
268,0.908206737041,0.0242129536966,0.915121388435,0.0217192590237
269,0.9104901194570001,0.0238551383217,0.916729128361,0.022379847616
270,0.911462517579,0.023265617216599997,0.917398881912,0.021409178525200002
271,0.910884646575,0.0242451282839,0.915262377262,0.0214292503893
272,0.912493125598,0.0228204390655,0.9169364690780001,0.0210426744074
273,0.913268121084,0.0223425717403,0.916095745564,0.0215473998338
274,0.9126323819159999,0.022285388410099995,0.916926562786,0.0208608862013
275,0.911031409105,0.023313822969800002,0.918714046478,0.0211554586887
276,0.9089924971259999,0.023692457502099997,0.9152715563770001,0.0212505429983
277,0.914916725953,0.022284022966999998,0.920727646351,0.0216193273664
278,0.912524342537,0.024679721767700002,0.917299365997,0.02126968503
279,0.914256882668,0.0227298825979,0.9142167448999999,0.022829233855
280,0.913454552492,0.023211777086099995,0.9116880655290001,0.0243511654437
281,0.913239169121,0.023813200617800002,0.916793048382,0.0216428980231
282,0.9145507931710001,0.0231639135629,0.9158309221269999,0.0216517902911
283,0.915476167202,0.023342157403599996,0.9102771639820001,0.0266479436308
284,0.916595959663,0.0223068558921,0.910057771206,0.0255709629506
285,0.9144950350130001,0.023315073549700003,0.91481436491,0.024969403818200002
286,0.915602525075,0.022651236256,0.919964444637,0.0214301347733
287,0.9168594559029999,0.022282684470199998,0.919011259079,0.0206281092018
288,0.918404666583,0.0218766758839,0.921607708931,0.020711067691400003
289,0.917737130324,0.022218825916400002,0.924091672897,0.0196817681193
290,0.918796857198,0.02144924514,0.920212221146,0.0214568536729
291,0.9216067592299999,0.0203829823683,0.924318993092,0.0209906671196
292,0.9219848314920001,0.020834418634599998,0.92450978756,0.019940686598400002
293,0.9199261585870001,0.0217186038693,0.922134482861,0.0193421259522
294,0.919838384787,0.0216647664706,0.9200877189640001,0.022288389131400004
295,0.917798562845,0.0225805643946,0.920772171021,0.0219517994672
296,0.917388141155,0.022972087562099997,0.921210849285,0.0207113597542
297,0.921361573537,0.0203467642268,0.9179569840430001,0.023286464065299998
298,0.922903350989,0.020290272434599996,0.920727646351,0.0227796666324
299,0.92085164388,0.0212648472438,0.92361330986,0.021226882934599997
300,0.9233928362530001,0.021170498306599998,0.923292720318,0.0207132302225
301,0.9211463252700001,0.021698844184500004,0.922316372395,0.0201748240739
302,0.9245563785240001,0.0199567861855,0.926406872272,0.0199522007257
303,0.9245152274770001,0.020662199333299998,0.9273804426189999,0.018805816769599998
304,0.922574969133,0.0219701231768,0.9301182031630001,0.0183490481228
305,0.921769666672,0.0226707519343,0.9268915414810001,0.0186018463224
306,0.9221156676610001,0.020888426651599998,0.926875531673,0.0193092800677
307,0.923007229964,0.020599316308900002,0.930570685863,0.0192481011152
308,0.923000816504,0.020679241543,0.929569518566,0.0184715941548
309,0.92500191927,0.0198281721522,0.9215201854709999,0.023017663508700003
310,0.925362547239,0.0199126280844,0.919743669033,0.024720969423700005
311,0.929263818264,0.019098403677299997,0.9281455278399999,0.0200620640069
312,0.929177455107,0.0192395210266,0.93163741827,0.018963644281
313,0.9277170260750001,0.019892289737900002,0.927054405212,0.020292924344500002
314,0.925756963094,0.0206347150107,0.92820956707,0.020016244053799998
315,0.927855992317,0.0195221945643,0.9321182608600002,0.019043906033
316,0.9265352090200001,0.020470654343599997,0.9323630452159999,0.0178240498528
317,0.928986422221,0.0193019141754,0.930594146252,0.0185196099803
318,0.92841694355,0.019617696479,0.918939566612,0.0263255473226
319,0.927577793598,0.020692850401,0.92505480051,0.022631321102400005
320,0.9284789045649999,0.0204362891614,0.934721386433,0.0176539519802
321,0.927772041162,0.021327275286099998,0.9321070671080001,0.0174485465512
322,0.928421119849,0.0196551959962,0.9334261775020001,0.017749703303
323,0.928803114096,0.0195872172713,0.933143889904,0.019301436469
324,0.9339042147,0.0183239533255,0.9314518570899999,0.019863115996099998
325,0.9330590248109999,0.0185283181568,0.928671479225,0.021337930858100002
326,0.9346748312309999,0.0179674517363,0.933633959293,0.0193404518068
327,0.933560780684,0.018408928749500002,0.930229496956,0.0201426438987
328,0.937198758125,0.017696324673799998,0.934356963634,0.018356483057099998
329,0.934755547841,0.0185392141342,0.935629189014,0.018634190037799998
330,0.934145180384,0.0187866156921,0.9356945157050001,0.0175083700567
331,0.9327483733499999,0.020302950715,0.936359024048,0.017721211724
332,0.932167112827,0.019643417932099998,0.9355366587639999,0.018662713468099997
333,0.935087712606,0.017271470588900002,0.940571415424,0.016585985198600002
334,0.936709666252,0.0173699875052,0.9405723810200002,0.0159933688119
335,0.938924825191,0.0180520138393,0.941018724442,0.016112857312
336,0.93924387296,0.0168136248365,0.9381026148799999,0.0163495048881
337,0.938171505928,0.018541476254700002,0.94013030529,0.0158216435462
338,0.937690361341,0.0172812437018,0.9300393939020001,0.022138730436599998
339,0.9388978958130001,0.0170473000035,0.9304087758059999,0.0219649769366
340,0.939722446601,0.0167708485698,0.942471539974,0.0158820226789
341,0.938303418954,0.0182260165612,0.939441823959,0.0162982210517
342,0.938358640671,0.0185993500675,0.9394552350040001,0.017916923016299997
343,0.93933229049,0.0172964165608,0.9359101176260001,0.0201309375465
344,0.938970200221,0.017499303817700002,0.943192279339,0.0154035115615
345,0.940408293406,0.017163057625299998,0.941496956348,0.0167586563155
346,0.941240934531,0.0168276475742,0.938510990143,0.0186018761247
347,0.942303168774,0.0167168301841,0.937579333782,0.0199174974114
348,0.939795915286,0.017792494036299997,0.9409200906749999,0.017549349740099997
349,0.9407251834870001,0.017579398862999997,0.942732167244,0.0177197471261
350,0.9386093020440001,0.0186835826685,0.9441676259039999,0.0161765409634
351,0.940821234385,0.017471246110900004,0.9386340141299999,0.0181489493698
352,0.944227298101,0.0159686480338,0.9383472681049999,0.018983052112200003
353,0.9439862052600001,0.0159788810958,0.9430257797239999,0.0167666051537
354,0.9440963745119999,0.0158214182903,0.9362540960310001,0.019601969048400003
355,0.9434453805290001,0.0163773521781,0.944943511486,0.0160347351804
356,0.9436030864720001,0.0170891960462,0.9434307813639999,0.0161961138248
357,0.943760311604,0.0163151122009,0.938141000271,0.0184566833079
358,0.943724381924,0.0166808935503,0.940550863743,0.0184331480414
359,0.946318590641,0.0155106770496,0.9417574763299998,0.017339975386900002
360,0.944340141614,0.0164184914281,0.9314959287639999,0.0221785459667
361,0.9452850461010001,0.0155285620441,0.931987655163,0.0249687835574
362,0.9490977048870001,0.014876058263100001,0.936160933971,0.022523257508900003
363,0.948894488811,0.014488476949400001,0.94218236208,0.018637254461599997
364,0.945263473193,0.0169753581285,0.9339620828630001,0.0239397123456
365,0.946692876021,0.0161063311001,0.948016023636,0.014711866155299999
366,0.944276344776,0.0176109573493,0.936946296692,0.018996002525099996
367,0.946057895819,0.015771571795099998,0.947345304489,0.015157578513
368,0.946190440655,0.016071955425,0.9449470043179999,0.0159118628129
369,0.947157271703,0.0154651631291,0.9441175937649999,0.0156434485689
370,0.9489423235259999,0.014247040761,0.9446915030480001,0.0167259447277
371,0.9478249867759999,0.0157854525993,0.9488861918449999,0.0144488794729
372,0.949724860986,0.0146139461547,0.9484123110770001,0.015060945041499999
373,0.9500525434810001,0.0150190599263,0.9490459203720001,0.0155826065689
374,0.947749547164,0.0160971295709,0.94836165905,0.014955780468899999
375,0.9479990919429999,0.015338200206599999,0.949001204967,0.0147044008598
376,0.951040410995,0.0138229917735,0.9514516115189999,0.0137800589204
377,0.9512566804889999,0.0140743967767,0.9495185136799998,0.0145988605917
378,0.951017995675,0.014637042519900001,0.949991178513,0.0146566702053
379,0.950843667984,0.0142046893016,0.9438518047329999,0.017861726135
380,0.952174540361,0.013545848304999998,0.946027064323,0.017353484034500002
381,0.9499224781990001,0.0151325770964,0.9342700362209999,0.0236733887345
382,0.95153516531,0.014611102330200002,0.949520945549,0.014940887317099999
383,0.950971229871,0.0146688450128,0.9398862123489999,0.019314879179
384,0.950966270765,0.0143987673645,0.949094593525,0.0160716505721
385,0.9534215172130001,0.013697633954399999,0.950717878342,0.0144384162501
386,0.953478209178,0.0138581579551,0.951706433296,0.014845121838200002
387,0.950041162968,0.0152481186514,0.946331703663,0.0148011811078
388,0.950572482745,0.014835757638000002,0.94455755949,0.0177091434598
389,0.954323848089,0.0134132846569,0.949129903316,0.0150431353599
390,0.953120664756,0.014127553626899998,0.9493016958239999,0.0162559375167
391,0.953802982966,0.0132577691227,0.9501314878460001,0.015476818569
392,0.9539442261059999,0.0137105322753,0.950366961956,0.013326452113700002
393,0.951933511098,0.0149212362245,0.953895509243,0.0131811922416
394,0.95466089646,0.013359190089,0.9421751022339999,0.0166389066726
395,0.949548776944,0.0163758799434,0.943230855465,0.0210742153227
396,0.9511296113330001,0.0146360959858,0.947724175453,0.015791080705799997
397,0.9504815578460001,0.0155261515329,0.944526958466,0.0165801057592
398,0.953042097886,0.0139823302627,0.952608895302,0.0148760799319
399,0.953549170494,0.0142528103044,0.951152145863,0.0136239815503
400,0.9494216839470001,0.0160794263085,0.9509909629819999,0.014955991879100001
401,0.9493205070499999,0.0161143747469,0.9488494276999999,0.015683667734299998
402,0.952397632599,0.0145227745796,0.955994522572,0.0136343287304
403,0.949127264818,0.0167383272201,0.95130726099,0.012995782680799999
404,0.95147592624,0.0145976208771,0.9521490216259999,0.0139753730968
405,0.953744089603,0.013988700384899999,0.9539157390590001,0.014332060143399999
406,0.955331333478,0.0133768190319,0.9530605316159999,0.014152373932299999
407,0.953806078434,0.0137364698574,0.950917494297,0.0163306333125
408,0.9554042538009999,0.013324524772700002,0.9548766493799999,0.0128579450771
409,0.9544934789339999,0.013540397273999999,0.950613987446,0.0155634300783
410,0.9560438831649999,0.0127445822582,0.9546610593799999,0.014005839638399999
411,0.9550841927529999,0.013771066814700002,0.950528407097,0.0140551878139
412,0.952549799283,0.0156234474853,0.9536310076710001,0.012763766571899999
413,0.9549114863079999,0.014121176426600001,0.953495562077,0.012350602261700002
414,0.953369235992,0.0148010085647,0.955243301392,0.0128319337964
415,0.951774096489,0.015800930932200002,0.940406286716,0.017220696806900002
416,0.9515458663299998,0.015138828444,0.956452333927,0.0131365768611
417,0.955192617575,0.013549713914600001,0.9563377022740001,0.0127846637741
418,0.956078235308,0.0136302137127,0.953121852875,0.013189846836000002
419,0.956517541409,0.0131449788809,0.9379567980769999,0.0183309365064
420,0.9530819932619999,0.015170821795900001,0.945883190632,0.017539412342000002
421,0.956146128972,0.013157311268200002,0.947041094303,0.0160142499954
422,0.9555889964100001,0.013399112783399999,0.948257923126,0.0152852274477
423,0.956648055712,0.0128494636466,0.948403453827,0.0179990038276
424,0.9573936025299999,0.0124344916393,0.9489601731299999,0.017119173333
425,0.955924475193,0.013634706971499998,0.9448967456820001,0.0194498462602
426,0.957346693675,0.013034941007700002,0.950675809383,0.014154383726399999
427,0.954550802708,0.014468294506299998,0.9542378306389999,0.0139068750665
428,0.954905656974,0.013742088154,0.952656888962,0.013926119916100002
429,0.9572431643799999,0.012744831231700001,0.9575475096700001,0.0125545773655
430,0.9573537031810001,0.0127718356748,0.9546476960179999,0.013306181132799999
431,0.957216127714,0.012795873234700002,0.955482113361,0.0148938044906
432,0.9583462039630001,0.012910361463799999,0.959119606018,0.012663695774999999
433,0.954538420836,0.0150665996596,0.9540139675139999,0.0147251484916
434,0.955060815811,0.0142093692596,0.955801975727,0.0138318687677
435,0.955880951881,0.0138713120172,0.955213260651,0.0142029020935
436,0.956490957737,0.013287840659399999,0.9579728960989999,0.012946476787299998
437,0.9586116949719999,0.0127177261437,0.959399819374,0.012495492212499999
438,0.9565634369850001,0.013866725439799998,0.9559656023980001,0.012321723997599999
439,0.9559292197229999,0.013852719900499999,0.958823478222,0.0133545204997
440,0.9589963515600001,0.0127056565136,0.9583742618559999,0.0137275446206
441,0.958008952936,0.0129266918947,0.959740257263,0.011531085334700002
442,0.957796355089,0.0124819491059,0.9538106799130001,0.0154522115365
443,0.9594072898229999,0.012253800345000001,0.958156466484,0.012759133800899998
444,0.961415656408,0.011357620668899998,0.953611624241,0.015429115667900001
445,0.959825380643,0.012445698057600001,0.956186532974,0.0127900898457
446,0.958944900831,0.012810094592500001,0.956407392025,0.012418682686999999
447,0.9588479201000001,0.0126650709659,0.9594238042829999,0.0120809817687
448,0.96029998064,0.0120443968723,0.958359074593,0.0118851033971
449,0.9607920646670001,0.011634927367200001,0.956018590927,0.0132713440806
450,0.959456968307,0.012578248729299999,0.9522461533550001,0.013272549770799998
451,0.960554329554,0.012215153810900001,0.9552185535430001,0.015255220048100001
452,0.9598972996080001,0.0126090562592,0.9570929884909999,0.0133553212509
453,0.959298916658,0.0127493162329,0.9607950448989999,0.0115553608164
454,0.9607201019920001,0.011516930659600001,0.959690153599,0.012126489915
455,0.958635568619,0.0131708782166,0.959715735912,0.012747867032899998
456,0.960625569026,0.012412755812200001,0.957270157337,0.0128865431994
457,0.960312843323,0.0118503498534,0.9614575743680001,0.0120973285288
458,0.961221702894,0.012081080116299998,0.9577533364299999,0.0123269507661
459,0.9601800839110001,0.0123936294888,0.959570705891,0.0118236208335
460,0.955220723152,0.0157290904472,0.9559150338169999,0.0144395997748
461,0.955526030064,0.014627818018200001,0.9578101158140001,0.0133285272866
462,0.954852036635,0.014840178502100001,0.9547348856929999,0.013203167729100001
463,0.955385084947,0.014219133245399999,0.955135667324,0.014426313154400001
464,0.957105298837,0.013312285145100002,0.956972765923,0.0145386338234
465,0.95101493597,0.016179116256500002,0.94677580595,0.020242841169200002
466,0.9542923251790001,0.0156988165031,0.9562750697139999,0.0135706167668
467,0.9522468328479999,0.0161294075971,0.956118500233,0.014231192693100001
468,0.9550347089769999,0.0138132081057,0.954121172428,0.013814035989299998
469,0.956492567062,0.0138347785299,0.956970608234,0.014171784743700002
470,0.959796798229,0.0123761755104,0.954415667057,0.0167662432417
471,0.956509256363,0.0142909074823,0.956229281425,0.012841836921899998
472,0.960019540787,0.012162345337399998,0.9594892024989999,0.0134581625462
473,0.960262274742,0.0122429818536,0.959643924236,0.0111923415214
474,0.958333643277,0.0124974743774,0.960751390457,0.0110826982185
475,0.961457514763,0.0115803095202,0.9595503330230001,0.0124508108944
476,0.961553752422,0.011716264858799999,0.9612168669700001,0.011148874647899999
477,0.960142644246,0.0126530227562,0.960397040844,0.011546676605899999
478,0.960094706217,0.012597409201200001,0.959789156914,0.012193716689899999
479,0.958291840553,0.013625223251700002,0.9626057147980001,0.0113496132195
480,0.9609971245129999,0.011700134600200002,0.9610771059990001,0.011619710736
481,0.960633401076,0.0119209198281,0.96166394949,0.011268449761
482,0.961980903149,0.0117372679214,0.961994552612,0.0112464694306
483,0.957792937756,0.013517353000700002,0.9531411528589999,0.0154598027468
484,0.9596736351649999,0.0128380892177,0.95801384449,0.015117428451799999
485,0.960801267624,0.012579094432299999,0.9578104138369999,0.012163928151100002
486,0.961893554529,0.011477437305000001,0.960174560547,0.011684474535299999
487,0.962113904953,0.0120138970514,0.9565753817560001,0.013672806508799998
488,0.960457404455,0.0128567484518,0.957598781586,0.014985259063500001
489,0.9616234978039999,0.0118546698242,0.9596534729,0.0124710857868
490,0.9617437720299999,0.0116517016043,0.962070858479,0.0111077032983
491,0.9640170534450001,0.010889809827,0.9619927883149999,0.0110335173085
492,0.9629070997239999,0.011385485592,0.961747562885,0.011721931211700001
493,0.9600402832029999,0.0130869134019,0.957955312729,0.0132058858871
494,0.960798792044,0.012137483619200001,0.9609480261799999,0.0116905622184
495,0.961475082239,0.0113010495901,0.959318995476,0.0118640098721
496,0.963040443261,0.0112579206626,0.964110314846,0.011795253865399999
497,0.960997537772,0.0130351699889,0.962142109871,0.011332667991500001
498,0.963089160124,0.0112701358274,0.962917029858,0.0109994893894
499,0.96208460331,0.011759446002499998,0.9593271970749999,0.0136823663488
500,0.959999442101,0.0132461914793,0.9581836462019999,0.013399306684700001
501,0.9627187172570001,0.0112840184942,0.9635031461720001,0.010524004139
502,0.962785184383,0.011545961660599999,0.959575140476,0.012237782403799998
503,0.9633192062379999,0.0112837233891,0.958407604694,0.0134075751528
504,0.961757226785,0.0121228432283,0.9450752377509999,0.0171907637268
505,0.961941095193,0.011830129660700002,0.949059152603,0.0165655754507
506,0.9617009639740001,0.0124525902172,0.941694819927,0.0163847155869
507,0.9619253555930001,0.012110497181599999,0.953796339035,0.0157786548138
508,0.9636021176970001,0.010909590621799999,0.9621105909350001,0.0113128464669
509,0.964085336526,0.0108011470487,0.960510087013,0.012552092410600001
510,0.964086079597,0.011028984189,0.964740693569,0.0112059138715
511,0.9652167240780001,0.0106470018625,0.9630495190620001,0.0110370507464
512,0.9646432956059999,0.0106035134445,0.961949443817,0.011066775955299998
513,0.9646502137180001,0.010948929873600001,0.961869359016,0.011839067749700002
514,0.962596873442,0.0121077897648,0.960368824005,0.0133318673819
515,0.963593761126,0.011568338424,0.958809101582,0.0131102120504
516,0.962910612424,0.0115518817057,0.964456498623,0.0112279126421
517,0.9628902475040001,0.011536462791299999,0.960136735439,0.0129743397236
518,0.963199822108,0.0116675104946,0.9603166818619999,0.012538911215999999
519,0.9639062047,0.011176213311700002,0.961483073235,0.0116253921762
520,0.9621352911,0.0121393843864,0.9615787744519999,0.0114170996472
521,0.9588789224619999,0.014437762213299999,0.961465287209,0.0119603225961
522,0.960179630915,0.0130185582985,0.964907026291,0.0109409833327
523,0.95953087012,0.013572600670200002,0.952161502838,0.0173227973282
524,0.9601892908409999,0.0138858104746,0.961182188988,0.0119483359158
525,0.9584765752159999,0.013246480872200001,0.954453647137,0.014010226354
526,0.9599805831910001,0.0128066082175,0.960080778599,0.0142131309956
527,0.9610458453499999,0.012522879988,0.962894582748,0.0111901147291
528,0.962922314803,0.011459821959299999,0.961681771278,0.0114121576771
529,0.9631476163860001,0.0112607930476,0.960942363739,0.0127419855446
530,0.9641448418299999,0.0109562058002,0.9629075169560001,0.0120954146609
531,0.9654074748360001,0.010694374765,0.965244042873,0.0107740176842
532,0.964836672942,0.0108717044815,0.964889538288,0.010559958405799999
533,0.963203998407,0.0115492367496,0.9596248865129999,0.0136785432696
534,0.96425464948,0.010962754488,0.9640344381329999,0.0117920083925
535,0.964132070541,0.011124629527300001,0.9652365207670001,0.0104935625568
536,0.963904869556,0.0113106096784,0.964366543293,0.010316472128
537,0.964811782042,0.010921489136900001,0.964568173885,0.0103862220421
538,0.9655958573019999,0.0104766312987,0.963874769211,0.011171034351
539,0.963796973228,0.0116849821061,0.9623911976809999,0.012084169127
540,0.96403503418,0.0112368340294,0.964230024815,0.010762397572399999
541,0.9649685343109999,0.010595199434700001,0.964059734344,0.0108083119616
542,0.9661660591760001,0.010043154036,0.9642315268520001,0.010896594077299999
543,0.96706990401,0.0101123624792,0.964837598801,0.0104532014579
544,0.9671114484469999,0.010313850517100001,0.9642484545710001,0.0103822465986
545,0.964976402124,0.010958952208399998,0.964232134819,0.011665442213399999
546,0.96647892793,0.0105245095988,0.9651127457619999,0.01079977341
547,0.966827046871,0.010242143583799998,0.966657471657,0.010026319325
548,0.967244279385,0.0102106872325,0.965638935566,0.010316879861100001
549,0.965181815624,0.0114144245163,0.965730547905,0.010480935499100001
550,0.966134929657,0.010362632820999999,0.96490483284,0.010691864229700003
551,0.96443819205,0.011114414533,0.9649184703829999,0.011249201744799998
552,0.963377416134,0.012000286455000002,0.9634627819059999,0.0115117853507
553,0.964399548372,0.011479847319399999,0.960851633549,0.013623636029700001
554,0.9642167369519999,0.0114689993362,0.9636279702189999,0.010771340876799998
555,0.963404158751,0.0118729490787,0.951720666885,0.013918770104600001
556,0.963387354215,0.0112237074102,0.961395859718,0.011900015361600002
557,0.963690586885,0.0116309368672,0.9622346282009999,0.0122227568179
558,0.9646284818649999,0.010997463452299999,0.964789068699,0.011007988639200002
559,0.964678939184,0.0112060990185,0.9582508206370001,0.0124792546034
560,0.965965914726,0.010121262197700001,0.964259910583,0.011869424209
561,0.966702671846,0.009973047270129999,0.966809439659,0.009944854490459999
562,0.966909046968,0.0106492133501,0.965223872662,0.0108262563124
563,0.963905755679,0.011319778983799999,0.960828173161,0.0127041194588
564,0.9659778356550001,0.010703527554899998,0.965225923061,0.0106766123325
565,0.966646937529,0.010296616827399999,0.9651224970819999,0.0104080587626
566,0.965686968962,0.010774141984700001,0.962572312355,0.0115930566564
567,0.966723664602,0.010248477074,0.967673099041,0.0102183987387
568,0.965328927835,0.010984257453399999,0.960087049007,0.013733483851
569,0.9667854468029999,0.0101324494307,0.9625050187109999,0.013689082488400001
570,0.963027485212,0.01263417049,0.964002478123,0.0109940707684
571,0.9621929089229999,0.012753924541200001,0.963356995583,0.0113991921768
572,0.963440903028,0.011819614035399998,0.964181041718,0.011897514387999998
573,0.962083645662,0.012771034240700002,0.9600862860680001,0.0135930966586
574,0.964153285821,0.010830405727,0.964462506771,0.0109441706911
575,0.9655497789380001,0.0110042260339,0.951586079597,0.015476288460200001
576,0.964776790142,0.0110003657639,0.959614431858,0.0131224563345
577,0.964964620272,0.0111504789752,0.962495076656,0.013508173264600002
578,0.9642147262890001,0.0115853458953,0.956902575493,0.0125960165635
579,0.965639011065,0.010426124309499999,0.952216863632,0.014767134748400001
580,0.9635965863860001,0.0123258128762,0.963398385048,0.0105147793889
581,0.964572656155,0.010979866609,0.957855629921,0.0146170666441
582,0.964741488298,0.0111881413497,0.95801910162,0.014445465989399999
583,0.966512409846,0.0104255141069,0.9611900329590001,0.0128468997777
584,0.966537372271,0.010236096568399999,0.9610048174860001,0.0129813380539
585,0.966484892368,0.0102549346785,0.9647604942319999,0.011138588562600001
586,0.9661960919700001,0.0105777189136,0.962973928452,0.011558675579699999
587,0.967253605525,0.0102260706325,0.965513646603,0.0103574631736
588,0.967662163575,0.00999219032625,0.9648657560349999,0.0114989615977
589,0.966789400578,0.010084590967700001,0.964737761021,0.0112131977454
590,0.964296849569,0.0119122757266,0.961683511734,0.012723562866400001
591,0.9618023792899999,0.013401131207700001,0.959662723541,0.0130978316069
592,0.962933047613,0.0119610618489,0.9627610564229999,0.012449028342999999
593,0.965865039825,0.010818312006700002,0.9628309249879999,0.010860553383799999
594,0.9629390637080001,0.0125401434178,0.9617208123209999,0.0123629523441
595,0.9658783078190001,0.010506778148299999,0.958450448513,0.0137614639476
596,0.9648993492129999,0.0115628706291,0.963917458057,0.0111385270953
597,0.9652751406029999,0.010764415344799999,0.962279689312,0.0132393429056
598,0.965244177977,0.011031283997,0.963030970097,0.0113447645679
599,0.965953763326,0.0108171882108,0.9623749852179999,0.011102657020100002
600,0.965563432376,0.010859662046,0.965773391724,0.0097875867039
601,0.964199014505,0.0118468935291,0.965101456642,0.011238550767299998
602,0.9621730287870001,0.012588919823399998,0.964248025417,0.011317803897
603,0.965287832419,0.010944718681299998,0.9655988931659999,0.010024265945
604,0.964569636186,0.011376210860899998,0.965720283985,0.00988842789084
605,0.9660620292030001,0.0104399034753,0.964389669895,0.010359399206899999
606,0.966513220469,0.010541332916700001,0.9647027730940001,0.0111704029143
607,0.964514263471,0.011347576044499999,0.958892726898,0.014754901081299999
608,0.964573486646,0.011108679076000001,0.9628469705580001,0.0127570552751
609,0.9640038530030001,0.011969912983500001,0.9568492174150001,0.0144204847515
610,0.965021371841,0.0109398274993,0.9629950881,0.0109961174428
611,0.966374293963,0.0106002269934,0.9656652927399999,0.011117207072700001
612,0.966245317459,0.010689070262,0.9668068289759999,0.009737123083319999
613,0.9664858539899999,0.0102985519605,0.964484906197,0.00998345501721
614,0.966536704699,0.0103297744878,0.962982308865,0.011284753493999999
615,0.9666916648549999,0.0106510518429,0.962506461143,0.0107812153175
616,0.9663612604140001,0.0104910007368,0.963679504395,0.011291098222100001
617,0.966321929296,0.0105493003502,0.962287962437,0.013377736695100001
618,0.967934199174,0.00977792752286,0.964512944221,0.0114493545145
619,0.966835077604,0.010468000577100001,0.9643499612809999,0.0109798472375
620,0.967099249363,0.010250161712399999,0.964371550083,0.0119125569239
621,0.9678559978799999,0.0101739312212,0.9653596878049999,0.0112796157598
622,0.968782790502,0.00962426010519,0.967118668556,0.010222941637
623,0.9657916426659999,0.011277531894499999,0.963920676708,0.011099508777299998
624,0.96630102396,0.010949504592799999,0.9665195465090001,0.0099808877334
625,0.96620285511,0.0110724210118,0.964311122894,0.0108155908063
626,0.9663505633670001,0.010990659830499998,0.965762102604,0.0108217637986
627,0.9675630013150001,0.0105525818964,0.9638635277750001,0.0117936955765
628,0.967429574331,0.0101921122211,0.9647894501690001,0.0109247962013
629,0.968421332041,0.00951217155283,0.964064204693,0.0125977218151
630,0.967367986838,0.0105217588445,0.9654770731929999,0.0111480161548
631,0.9678410649299999,0.010156224637,0.9669704556470001,0.010026584658799999
632,0.9680567185079999,0.010144874112100001,0.966890740395,0.010487110912799998
633,0.9662664771080001,0.0109592388694,0.968136620522,0.0103465151042
634,0.966696850459,0.0105685377494,0.9652128100399999,0.010387422516899999
635,0.968452596664,0.00966651979834,0.968337082863,0.009668768011030001
636,0.9689298828440001,0.00948037936663,0.967173302174,0.0100887611508
637,0.9685726960500001,0.009925825614479999,0.9683232307430001,0.009894775971770001
638,0.968855075041,0.009450968106590001,0.9654162406919999,0.011539090052200001
639,0.968859056632,0.00969969754418,0.9671671390530001,0.0109003027901
640,0.9678143898649999,0.0101497126743,0.9642514348029999,0.0117830337957
641,0.966885896524,0.0104843104258,0.9684332132340001,0.00963490139693
642,0.9675803621610001,0.010113692221500001,0.964572906494,0.0114483600482
643,0.968433968226,0.009632285746440001,0.965316414833,0.011579977721
644,0.969094236692,0.00959839119265,0.9679746508600001,0.00968408565968
645,0.9701521674789999,0.0093040172942,0.9655455708499999,0.010503536276499999
646,0.968130616347,0.0101575086825,0.9646230220790001,0.0109362877905
647,0.96759420236,0.0101406230281,0.9660073161130001,0.0111116129905
648,0.96910759608,0.009637746556350002,0.967447865009,0.0101356903091
649,0.968957451979,0.00985427194585,0.966782450676,0.010272141359700001
650,0.9671376109119999,0.010581315929700002,0.9679990291600001,0.0104928210378
651,0.968296762307,0.010060939813700001,0.9675608873370001,0.009575359057639999
652,0.967245570819,0.010566214658299999,0.966117084026,0.0106941828504
653,0.9690344532330001,0.00950331048419,0.9671504855159999,0.010410295054299998
654,0.967381068071,0.0105375678899,0.963727295399,0.012528299354000001
655,0.966414014498,0.0104168867382,0.965475130081,0.0116381285712
656,0.963995579878,0.0124791052813,0.9624338865279999,0.0113775018603
657,0.9674703319869999,0.0101246334302,0.961316347122,0.0114984072745
658,0.9676451126729999,0.0103728028946,0.9679338693619999,0.009348231740299999
659,0.963077318668,0.012857472586100002,0.965389358997,0.011224158666999998
660,0.9623307148620001,0.013077621906999999,0.9624348163600001,0.012934205681100002
661,0.965134346485,0.011473805209,0.9662701606749999,0.0119900906458
662,0.9624968131380001,0.012789381419600001,0.96100922823,0.013104256614999999
663,0.965471792221,0.0110788909408,0.963776445389,0.011123869195600001
664,0.9666997234029999,0.0103257202854,0.967758142948,0.0103938918561
665,0.968324410915,0.00980411227793,0.967559397221,0.0102422293276
666,0.967977833748,0.009953890275209999,0.962436699867,0.0132409770042
667,0.968212374051,0.00984163815156,0.967712152004,0.00976863987744
668,0.968374025822,0.00987724416579,0.965319347382,0.0109038634226
669,0.968813288212,0.009598862907540001,0.9674648284909999,0.0104094853625
670,0.968467517694,0.009896849033729999,0.964517402649,0.0104885458946
671,0.966363334656,0.0113372484843,0.9619675040250001,0.0125404344872
672,0.968086703618,0.010216655271700001,0.959019875526,0.014270256646
673,0.966167442004,0.0112736154969,0.957900893688,0.0150055728853
674,0.9632544875139999,0.012766443130900001,0.9510992288590001,0.0182679414749
675,0.963449168205,0.0124909454336,0.966771459579,0.0111382303759
676,0.9656882047650001,0.0106720809514,0.966784620285,0.0111734911799
677,0.9655690908429999,0.011551996010000001,0.966472482681,0.0105097074062
678,0.967553408941,0.0102397722192,0.968439269066,0.009711559303100002
679,0.966388960679,0.010873646227,0.96645758152,0.0112241730094
680,0.968443151315,0.0098533866927,0.963883852959,0.012569768168
681,0.9682446082430001,0.009843049695089999,0.9682695388789999,0.0096387472935
682,0.9690121094390001,0.00939806882913,0.967444062233,0.010655472800100001
683,0.969752685229,0.00899495054036,0.967318463326,0.00994205791503
684,0.96849146684,0.010032474280600001,0.960852837563,0.0141286337748
685,0.9687008261679999,0.00978552869832,0.967417395115,0.0100442227907
686,0.968043502172,0.010352557897600001,0.966470849514,0.010126546584100001
687,0.968509972095,0.009864545085780002,0.968568897247,0.00934730926529
688,0.969476866722,0.00944920250525,0.969124305248,0.00968232555315
689,0.967900927862,0.0103655229323,0.968870306015,0.0101785928011
690,0.967892789841,0.0100722385881,0.965636408329,0.0109799575061
691,0.96819589138,0.0102573113516,0.970087754726,0.00942546334118
692,0.964727405707,0.0121924585352,0.961296474934,0.0145913619548
693,0.9650761882459999,0.0115424548586,0.960698187351,0.0130513032898
694,0.9663174470270001,0.0110038417081,0.9670541167260001,0.0106300579384
695,0.9671562910079999,0.0104061942548,0.966332387924,0.0105261389166
696,0.9687885006270001,0.0100959427655,0.968312239647,0.0102306142449
697,0.96749894619,0.0107095259552,0.968222987652,0.00952990166843
698,0.9663763046259999,0.0105774032262,0.966334736347,0.0115134611726
699,0.9685220321019999,0.00969818821177,0.968415307999,0.0100523433648
